<?xml version="1.0" encoding="utf-8"?>
<resources>
    <color name="colorPrimary">#FF6200EE</color>
    <color name="colorPrimaryDark">#FF3700B3</color>
    <color name="colorAccent">#FF03DAC5</color>
    
    <!-- Heat Map Colors - Red gradient for success rates -->
    <color name="heat_map_level_1">#FFEBEE</color> <!-- Lightest - lowest success -->
    <color name="heat_map_level_2">#EF9A9A</color>
    <color name="heat_map_level_3">#E57373</color>
    <color name="heat_map_level_4">#EF5350</color>
    <color name="heat_map_level_5">#E53935</color> <!-- Darkest - highest success -->
</resources>