<?xml version="1.0" encoding="utf-8"?>
<resources>
    <string name="app_name">TikTok Treasure Box Automation</string>
    <string name="accessibility_service_description">This service automates finding and opening Treasure Boxes in TikTok. It also checks the ratio of viewers to boxes and skips to the next live stream if the ratio is too low.</string>
    <string name="service_enabled">Accessibility Service is enabled</string>
    <string name="service_disabled">Accessibility Service is disabled</string>
    <string name="start_automation">Start Automation</string>
    <string name="stop_automation">Stop Automation</string>
    <string name="open_accessibility_settings">Open Accessibility Settings</string>
    <string name="clear_logs">Clear</string>
    <string name="status_running">Running</string>
    <string name="status_stopped">Stopped</string>
    <string name="setup_required">Please enable Accessibility Service to use this app</string>
    <string name="logs_cleared">Logs cleared</string>
    <string name="notification_box_found">TikTok Treasure Box found and opened!</string>
    <string name="notification_low_ratio">Skipped live stream due to low viewer-to-box ratio.</string>
</resources>